id,config_id,unit_library_id,sort_order,created_at
cul_9cc77342-e,7ebbc047,unit_92215eb6,1,2026-03-30T02:07:00.353Z
cul_5b1b6cbf-8,7ebbc047,unit_aadc2cf2,2,2026-03-30T02:07:00.393Z
cul_8f3883a0-4,7ebbc047,unit_9de35152,3,2026-03-30T02:07:00.434Z
cul_0b441ef1-0,7ebbc047,unit_d3d1a65f,4,2026-03-30T02:07:00.464Z
cul_71fc1326-b,7ebbc047,unit_f984af37,5,2026-03-30T02:07:00.492Z
cul_82b32a03-6,7ebbc047,unit_2d51d1ce,6,2026-03-30T02:07:00.528Z
cul_7ee8aa53-6,7ebbc047,unit_33cbf125,7,2026-03-30T02:07:00.554Z
cul_c9972cf5-3,7ebbc047,unit_6468321b,8,2026-03-30T02:07:00.584Z
cul_30035421-5,7ebbc047,unit_4b30ffa8,9,2026-03-30T02:07:00.615Z
cul_834243c9-f,7ebbc047,unit_bbd8b81b,10,2026-03-30T02:07:00.643Z
cul_8abe1add-6,300b04d8,unit_5a346d75,1,2026-03-30T12:14:57.075Z
cul_507aa4eb-2,300b04d8,unit_e832e35e,2,2026-03-30T12:14:57.101Z
cul_98cd3414-9,300b04d8,unit_bbc06d88,3,2026-03-30T12:14:57.126Z
cul_19b587a2-2,300b04d8,unit_5f7d5b8a,4,2026-03-30T12:14:57.151Z
cul_54b73d80-6,80335537,unit_3e2582ab,1,2026-03-30T04:05:38.998Z
cul_d030c333-5,80335537,unit_b49aa48a,2,2026-03-30T04:05:39.030Z
cul_bd61d591-a,80335537,unit_9f9a3219,3,2026-03-30T04:05:39.059Z
cul_fd7a6132-8,80335537,unit_b0301f41,4,2026-03-30T04:05:39.092Z
cul_e6bd7046-f,80335537,unit_5a35be7c,5,2026-03-30T04:05:39.122Z
cul_09725daa-6,80335537,unit_aad57dcf,6,2026-03-30T04:05:39.153Z
cul_9f33a311-f,80335537,unit_3d167fc5,7,2026-03-30T04:05:39.427Z
cul_f4fc4365-2,80335537,unit_9c790b58,8,2026-03-30T04:05:39.459Z
cul_363b70fd-2,80335537,unit_83be22d5,9,2026-03-30T04:05:39.489Z
cul_db62fc94-7,80335537,unit_52c53cb1,10,2026-03-30T04:05:39.518Z
cul_d7ea0291-f,300b04d8,unit_1dd6edf8,5,2026-03-30T12:14:57.177Z
cul_6264213d-8,300b04d8,unit_c7cd50de,6,2026-03-30T12:14:57.202Z
cul_f8484ece-4,300b04d8,unit_ed578bc2,7,2026-03-30T12:14:57.228Z
cul_b70b4648-e,300b04d8,unit_b12000f3,8,2026-03-30T12:14:57.252Z
cul_e1ae129b-5,e3013ce3,unit_1a87d994,1,2026-03-31T06:53:40.001Z
cul_7fad5345-9,e3013ce3,unit_1fa7d809,2,2026-03-31T06:53:40.034Z
cul_b6625830-c,e3013ce3,unit_12a41623,3,2026-03-31T06:53:40.059Z
cul_750ba357-1,e3013ce3,unit_60198181,4,2026-03-31T06:53:40.085Z
cul_ee4f01e2-0,e3013ce3,unit_7259d523,5,2026-03-31T06:53:40.116Z
cul_9b2e569b-c,e3013ce3,unit_cf7c3184,6,2026-03-31T06:53:40.151Z
cul_8af3d31c-b,e3013ce3,unit_e0801c75,7,2026-03-31T06:53:40.175Z
cul_bf4641d7-b,e3013ce3,unit_c6eaf34e,8,2026-03-31T06:53:40.201Z
cul_7a93fa71-a,e3013ce3,unit_61ce5526,9,2026-03-31T06:53:40.225Z
cul_1df109e1-2,e3013ce3,unit_fb6a30c0,10,2026-03-31T06:53:40.252Z
cul_31f0d27f-9,e3013ce3,unit_4dc7c0ce,11,2026-03-31T06:53:40.283Z
cul_1a87f0a9-5,e3013ce3,unit_af311ac5,12,2026-03-31T06:53:40.313Z
cul_875e3a66-f,e3013ce3,unit_4bf16d4b,13,2026-03-31T06:53:40.342Z
cul_71c65532-7,e3013ce3,unit_09ddc541,14,2026-03-31T06:53:40.372Z
cul_6444255a-d,e3013ce3,unit_50af2a0a,15,2026-03-31T06:53:40.399Z
cul_c61b0eb7-5,e3013ce3,unit_6b747fac,16,2026-03-31T06:53:40.429Z
cul_0a1968dc-4,4a69be43,unit_3453a340,1,2026-03-31T12:00:11.921Z
cul_2e57cf05-d,4a69be43,unit_97aab3ad,2,2026-03-31T12:00:11.947Z
cul_a15c4535-5,4a69be43,unit_1a76af96,3,2026-03-31T12:00:11.972Z
cul_877efdcb-8,4a69be43,unit_1912168f,4,2026-03-31T12:00:11.997Z
cul_2a52b37f-8,4a69be43,unit_f326eb20,5,2026-03-31T12:00:12.022Z
cul_e7296887-a,4a69be43,unit_24a74fd0,6,2026-03-31T12:00:12.047Z
cul_c8cc4181-5,4a69be43,unit_7b860009,7,2026-03-31T12:00:12.071Z
cul_6f3d1a2c-4,4a69be43,unit_9d1fe38b,8,2026-03-31T12:00:12.096Z
cul_3f372662-6,d0214046,unit_92215eb6,1,2026-04-01T09:22:46.829Z
cul_c5df11ba-1,d0214046,unit_f984af37,2,2026-04-01T09:22:47.046Z
cul_a5b8da16-8,d0214046,unit_d1c65451,3,2026-04-01T09:22:47.260Z
cul_db69f0e2-d,d0214046,unit_2d51d1ce,4,2026-04-01T09:22:47.473Z
cul_885998a2-8,d0214046,unit_b81e7f6d,5,2026-04-01T09:22:47.686Z
cul_ac5ddc6b-b,d0214046,unit_db35307b,6,2026-04-01T09:22:47.900Z
cul_e7201935-6,13fb4e0a,unit_1a87d994,1,2026-04-02T01:39:17.156Z
cul_1ef00038-1,13fb4e0a,unit_4dc7c0ce,2,2026-04-02T01:39:17.372Z
cul_21e90a6d-2,13fb4e0a,unit_fb6a30c0,3,2026-04-02T01:39:17.587Z
cul_2823fb21-8,13fb4e0a,unit_c6eaf34e,4,2026-04-02T01:39:17.802Z
cul_5ec3b1c7-4,13fb4e0a,unit_3c346618,5,2026-04-02T01:39:18.017Z
cul_f3f43747-1,634962b3,unit_3e2582ab,1,2026-04-05T23:02:37.660Z
cul_62e7c341-0,634962b3,unit_9f9a3219,2,2026-04-05T23:02:37.881Z
cul_7da2b515-8,634962b3,unit_b0301f41,3,2026-04-05T23:02:38.099Z
cul_54657077-8,634962b3,unit_5a35be7c,4,2026-04-05T23:02:38.317Z
cul_3461b85f-5,634962b3,unit_aad57dcf,5,2026-04-05T23:02:38.535Z
cul_4778eefe-7,dcf8cdf6,unit_24373146,1,2026-03-30T14:22:20.593Z
cul_356d9ba1-6,dcf8cdf6,unit_74e5bdde,2,2026-03-30T14:22:20.626Z
cul_787509b2-8,dcf8cdf6,unit_e2c4433b,3,2026-03-30T14:22:20.651Z
cul_ec576d0b-a,dcf8cdf6,unit_d593ce5d,4,2026-03-30T14:22:20.677Z
cul_00fd7c7c-8,dcf8cdf6,unit_7d1bd393,5,2026-03-30T14:22:20.703Z
cul_3868d5eb-2,dcf8cdf6,unit_75039d75,6,2026-03-30T14:22:20.729Z
cul_171b6785-f,dcf8cdf6,unit_c65f80a4,7,2026-03-30T14:22:20.755Z
cul_8aac806b-6,dcf8cdf6,unit_b07498c6,8,2026-03-30T14:22:20.780Z
cul_5c3763e1-7,dcf8cdf6,unit_a20de223,9,2026-03-30T14:22:20.807Z
cul_98303d23-e,dcf8cdf6,unit_184dcf1a,10,2026-03-30T14:22:20.831Z
cul_48659f7e-2,dcf8cdf6,unit_16ece078,11,2026-03-30T14:22:20.858Z
cul_91606139-f,dcf8cdf6,unit_66594382,12,2026-03-30T14:22:20.887Z
cul_503ceb11-5,dcf8cdf6,unit_d80f59fc,13,2026-03-30T14:22:20.913Z
cul_c1fbf1ec-7,dcf8cdf6,unit_50b6a43f,14,2026-03-30T14:22:20.938Z
cul_7d3185a4-5,dcf8cdf6,unit_420d138c,15,2026-03-30T14:22:20.963Z
cul_e285377d-2,634962b3,unit_3d167fc5,6,2026-04-05T23:02:38.753Z
cul_cd5530f9-4,634962b3,unit_9c790b58,7,2026-04-05T23:02:38.970Z
cul_5e9388ef-6,634962b3,unit_83be22d5,8,2026-04-05T23:02:39.188Z
cul_653519a4-7,634962b3,unit_52c53cb1,9,2026-04-05T23:02:39.406Z
cul_4b8b6fb3-8,634962b3,unit_b49aa48a,10,2026-04-05T23:02:39.623Z
cul_0b11f171-5,634962b3,unit_22baf27b,11,2026-04-05T23:02:39.842Z
cul_19b54036-a,634962b3,unit_8248da31,12,2026-04-05T23:02:40.060Z
cul_8843bb4e-0,634962b3,unit_c59886de,13,2026-04-05T23:02:40.277Z
cul_daa52603-b,634962b3,unit_3452a8fc,14,2026-04-05T23:02:40.495Z
cul_279c36d3-3,634962b3,unit_f1080667,15,2026-04-05T23:02:40.714Z
cul_da0c88d6-a,634962b3,unit_c76c5a31,16,2026-04-05T23:02:40.931Z
cul_e6940e30-1,634962b3,unit_a9e8ccce,17,2026-04-05T23:02:41.149Z
cul_10199ccb-1,634962b3,unit_670f8319,18,2026-04-05T23:02:41.367Z
cul_4c5a8673-0,634962b3,unit_81869bc3,19,2026-04-05T23:02:41.584Z
cul_ae2ee889-8,634962b3,unit_73311b71,20,2026-04-05T23:02:41.803Z
cul_d924a790-4,634962b3,unit_bef058d3,21,2026-04-05T23:02:42.021Z
cul_212a589c-5,634962b3,unit_9b55d75a,22,2026-04-05T23:02:42.238Z
cul_e60a182e-0,634962b3,unit_b9db7eb2,23,2026-04-05T23:02:42.456Z
cul_c9ad8bf8-8,634962b3,unit_22649e00,24,2026-04-05T23:02:42.674Z
cul_5cc6e4b5-e,634962b3,unit_1c97ae69,25,2026-04-05T23:02:42.891Z
cul_15ea9177-9,634962b3,unit_82ae1baf,26,2026-04-05T23:02:43.110Z
cul_923551f0-2,634962b3,unit_6e8d9618,27,2026-04-05T23:02:43.328Z
cul_75ed762d-8,5111604a,unit_f984af37,1,2026-04-05T23:18:47.477Z
cul_325726eb-e,5111604a,unit_2d51d1ce,2,2026-04-05T23:18:47.697Z
cul_073de90f-9,5111604a,unit_33cbf125,3,2026-04-05T23:18:47.916Z
cul_18039e5b-3,5111604a,unit_6468321b,4,2026-04-05T23:18:48.134Z
cul_15f7e8f8-f,5111604a,unit_4b30ffa8,5,2026-04-05T23:18:48.353Z
cul_35fdade9-c,5111604a,unit_9de35152,6,2026-04-05T23:18:48.571Z
cul_820a4d06-4,5111604a,unit_d3d1a65f,7,2026-04-05T23:18:48.790Z
cul_4e760e91-1,5111604a,unit_92215eb6,8,2026-04-05T23:18:49.008Z
cul_d899f008-d,5111604a,unit_aadc2cf2,9,2026-04-05T23:18:49.226Z
cul_d8c0191a-9,5111604a,unit_bbd8b81b,10,2026-04-05T23:18:49.446Z
cul_b08e1231-e,5111604a,unit_db35307b,11,2026-04-05T23:18:49.664Z
cul_e4cb6cea-c,5111604a,unit_2b2cfb4d,12,2026-04-05T23:18:49.882Z
cul_8a999bc0-9,5111604a,unit_d1c65451,13,2026-04-05T23:18:50.100Z
cul_a33607e8-4,5111604a,unit_b81e7f6d,14,2026-04-05T23:18:50.318Z
cul_02064a63-5,5111604a,unit_a1d9c243,15,2026-04-05T23:18:50.538Z
cul_1cbbdcf9-8,5111604a,unit_405f056d,16,2026-04-05T23:18:50.756Z
cul_b54815eb-8,5111604a,unit_e383750e,17,2026-04-05T23:18:50.974Z
cul_84958f65-2,5111604a,unit_b230042e,18,2026-04-05T23:18:51.193Z
cul_f2176459-3,a5c00bcf,unit_2a42f748,1,2026-04-05T23:36:00.149Z
cul_f67eb80d-d,a5c00bcf,unit_d2f4ad3e,2,2026-04-05T23:36:00.368Z
cul_c2dc8b62-9,a5c00bcf,unit_e52e7b5f,3,2026-04-05T23:36:00.587Z
cul_db16290c-f,a5c00bcf,unit_35577cd2,4,2026-04-05T23:36:00.807Z
cul_75a61c8d-c,a5c00bcf,unit_4ba03d5a,5,2026-04-05T23:36:01.025Z
cul_f1750d9d-3,a5c00bcf,unit_22462d15,6,2026-04-05T23:36:01.243Z
cul_70ae5e3d-f,a5c00bcf,unit_7b8a6d60,7,2026-04-05T23:36:01.462Z
cul_6c3a48cd-8,a5c00bcf,unit_3d5260fa,8,2026-04-05T23:36:01.681Z
cul_fac2b759-0,ae5659e3,unit_1a87d994,1,2026-04-06T00:13:08.452Z
cul_91000c87-2,ae5659e3,unit_4dc7c0ce,2,2026-04-06T00:13:08.670Z
cul_c2e41f7d-3,ae5659e3,unit_fb6a30c0,3,2026-04-06T00:13:08.887Z
cul_4a8dfa45-f,ae5659e3,unit_c6eaf34e,4,2026-04-06T00:13:09.104Z
cul_eda6fec2-1,ae5659e3,unit_61ce5526,5,2026-04-06T00:13:09.322Z
cul_91beefd5-0,ae5659e3,unit_af311ac5,6,2026-04-06T00:13:09.539Z
cul_e66a6c5e-0,ae5659e3,unit_09ddc541,7,2026-04-06T00:13:09.756Z
cul_38d27267-8,ae5659e3,unit_4bf16d4b,8,2026-04-06T00:13:09.974Z
cul_d7f2124d-6,ae5659e3,unit_50af2a0a,9,2026-04-06T00:13:10.191Z
cul_736bba70-e,ae5659e3,unit_12a41623,10,2026-04-06T00:13:10.408Z
cul_7a7521d8-e,ae5659e3,unit_60198181,11,2026-04-06T00:13:10.626Z
cul_307004a4-2,ae5659e3,unit_7259d523,12,2026-04-06T00:13:10.843Z
cul_e782aba2-b,ae5659e3,unit_cf7c3184,13,2026-04-06T00:13:11.060Z
cul_4744249f-c,ae5659e3,unit_e0801c75,14,2026-04-06T00:13:11.277Z
cul_035debaa-7,ae5659e3,unit_dba7077e,15,2026-04-06T00:13:11.495Z
cul_c555abf1-2,ae5659e3,unit_50b7ac2c,16,2026-04-06T00:13:11.715Z
cul_d75e4247-5,ae5659e3,unit_bec45e66,17,2026-04-06T00:13:11.932Z
cul_aca81d2d-c,ae5659e3,unit_718a201f,18,2026-04-06T00:13:12.150Z
cul_87cb8c9e-e,ae5659e3,unit_02e1d962,19,2026-04-06T00:13:12.367Z
cul_4f7ebaa2-1,ae5659e3,unit_0fb05fb8,20,2026-04-06T00:13:12.584Z
cul_be574613-1,ae5659e3,unit_9a5a52b7,21,2026-04-06T00:13:12.801Z
cul_d021849c-a,ae5659e3,unit_6236c8d6,22,2026-04-06T00:13:13.019Z
cul_50976ce7-a,ae5659e3,unit_e9b113f3,23,2026-04-06T00:13:13.236Z
cul_62353dfb-d,ae5659e3,unit_b2cb9269,24,2026-04-06T00:13:13.453Z
cul_087b45c1-9,ae5659e3,unit_4637911f,25,2026-04-06T00:13:13.670Z
cul_79402912-b,ae5659e3,unit_e294a817,26,2026-04-06T00:13:13.887Z
cul_ac543b07-0,ae5659e3,unit_3328d602,27,2026-04-06T00:13:14.106Z
cul_f868fd4e-1,ae5659e3,unit_63cc36f7,28,2026-04-06T00:13:14.324Z
cul_1f2bcdd9-0,ae5659e3,unit_6b747fac,29,2026-04-06T00:13:14.541Z
cul_099779f0-c,ae5659e3,unit_1fa7d809,30,2026-04-06T00:13:14.759Z
cul_4149a6e8-0,8946ca20,unit_b12000f3,1,2026-04-06T00:26:58.309Z
cul_46254845-b,8946ca20,unit_1dd6edf8,2,2026-04-06T00:26:58.529Z
cul_0117e3ca-2,8946ca20,unit_e832e35e,3,2026-04-06T00:26:58.747Z
cul_a285fe2c-a,8946ca20,unit_3cad841b,4,2026-04-06T00:26:58.966Z
cul_6bb3464c-6,8946ca20,unit_2a42f748,5,2026-04-06T00:26:59.185Z
cul_866ce0cb-9,8946ca20,unit_d2f4ad3e,6,2026-04-06T00:26:59.404Z
cul_45084553-3,8946ca20,unit_c7cd50de,7,2026-04-06T00:26:59.622Z
cul_08d13ae7-2,8946ca20,unit_9a5700d4,8,2026-04-06T00:26:59.840Z
cul_a600ff4c-6,8946ca20,unit_6b156f42,9,2026-04-06T00:27:00.058Z
cul_11ddb96f-d,8946ca20,unit_5e508f73,10,2026-04-06T00:27:00.276Z
cul_3427feb6-7,8946ca20,unit_ed578bc2,11,2026-04-06T00:27:00.495Z
cul_9edc77f7-e,8946ca20,unit_5a346d75,12,2026-04-06T00:27:00.713Z
cul_0eb58cd6-8,8946ca20,unit_bbc06d88,13,2026-04-06T00:27:00.931Z
cul_9bf65fab-d,8946ca20,unit_5f7d5b8a,14,2026-04-06T00:27:01.149Z
cul_05663dbe-7,8946ca20,unit_e52e7b5f,15,2026-04-06T00:27:01.367Z
cul_beb64d5d-0,8946ca20,unit_35577cd2,16,2026-04-06T00:27:01.585Z
cul_1340617a-1,8946ca20,unit_4ba03d5a,17,2026-04-06T00:27:01.803Z
cul_660bf4b0-8,8946ca20,unit_22462d15,18,2026-04-06T00:27:02.021Z
cul_7ca54b24-a,8946ca20,unit_7b8a6d60,19,2026-04-06T00:27:02.239Z
cul_585b3a72-f,8946ca20,unit_42eeb244,20,2026-04-06T00:27:02.457Z
cul_637697d2-1,4ad28c58,unit_bbd8b81b,1,2026-04-06T00:42:27.218Z
cul_008d9fd2-5,4ad28c58,unit_2b2cfb4d,2,2026-04-06T00:42:27.439Z
cul_ed10434f-9,4ad28c58,unit_a1d9c243,3,2026-04-06T00:42:27.658Z
cul_b84ebea4-3,4ad28c58,unit_b230042e,4,2026-04-06T00:42:27.877Z
cul_2953c111-f,4ad28c58,unit_75038977,5,2026-04-06T00:42:28.098Z
cul_14a170ee-0,4ad28c58,unit_cf02c0a0,6,2026-04-06T00:42:28.317Z
cul_8a89429b-9,4ad28c58,unit_2034a023,7,2026-04-06T00:42:28.536Z
cul_1a38c0a9-8,4ad28c58,unit_0fb80819,8,2026-04-06T00:42:28.754Z
cul_f1ce7c9e-c,4ad28c58,unit_2ea6ca3d,9,2026-04-06T00:42:28.974Z
cul_268f3fa4-f,4ad28c58,unit_6cb46d1f,10,2026-04-06T00:42:29.193Z
cul_e69dec53-d,4ad28c58,unit_adb3acdc,11,2026-04-06T00:42:29.411Z
cul_0323c8ed-5,4ad28c58,unit_aadc2cf2,12,2026-04-06T00:42:29.631Z
cul_9de8ee12-3,4ad28c58,unit_5af61af2,13,2026-04-06T00:42:29.851Z
cul_36ef487b-7,4ad28c58,unit_0a78be71,14,2026-04-06T00:42:30.069Z
cul_67a3e1c1-3,4ad28c58,unit_11fa1b63,15,2026-04-06T00:42:30.288Z
cul_ba5e87a1-8,4ad28c58,unit_beb9f0e6,16,2026-04-06T00:42:30.507Z
cul_1bc75d56-e,4ad28c58,unit_590faf26,17,2026-04-06T00:42:30.725Z
cul_03c8f3cd-b,4ad28c58,unit_3fccc3b1,18,2026-04-06T00:42:30.944Z
cul_bbb36559-b,4ad28c58,unit_d1c65451,19,2026-04-06T00:42:31.163Z
cul_25d44afd-4,4ad28c58,unit_92215eb6,20,2026-04-06T00:42:31.382Z
cul_8daeafb1-1,4ad28c58,unit_9de35152,21,2026-04-06T00:42:31.602Z
cul_4b5f94a4-c,4ad28c58,unit_d3d1a65f,22,2026-04-06T00:42:31.821Z
cul_3efac8b1-8,4ad28c58,unit_405f056d,23,2026-04-06T00:42:32.040Z
cul_6ac8007c-5,4ad28c58,unit_e383750e,24,2026-04-06T00:42:32.259Z
cul_d4b40cd1-d,4ad28c58,unit_db35307b,25,2026-04-06T00:42:32.478Z
cul_8278b75c-3,14bb04f3,unit_3453a340,1,2026-04-06T03:10:28.502Z
cul_d46af1d5-9,14bb04f3,unit_97aab3ad,2,2026-04-06T03:10:28.719Z
cul_cadbcc95-2,14bb04f3,unit_1a76af96,3,2026-04-06T03:10:28.936Z
cul_a6d207b2-8,14bb04f3,unit_1912168f,4,2026-04-06T03:10:29.154Z
cul_946ac2ab-0,14bb04f3,unit_7b860009,5,2026-04-06T03:10:29.370Z
cul_1cc2f90b-8,14bb04f3,unit_9d1fe38b,6,2026-04-06T03:10:29.586Z
cul_e79b87f7-b,14bb04f3,unit_532568b3,7,2026-04-06T03:10:29.803Z
cul_ab8a47fe-a,14bb04f3,unit_1531a98d,8,2026-04-06T03:10:30.019Z
cul_6924145c-1,14bb04f3,unit_5725e16c,9,2026-04-06T03:10:30.236Z
cul_6499cdce-7,14bb04f3,unit_f326eb20,10,2026-04-06T03:10:30.452Z
cul_c0596f7f-1,14bb04f3,unit_24a74fd0,11,2026-04-06T03:10:30.669Z
cul_74504458-e,e8da2d68,unit_8248da31,1,2026-04-06T03:16:00.257Z
cul_7712baf4-6,e8da2d68,unit_1c97ae69,2,2026-04-06T03:16:00.476Z
cul_e491e6e0-c,e8da2d68,unit_bef058d3,3,2026-04-06T03:16:00.694Z
cul_01dc60a4-3,e8da2d68,unit_670f8319,4,2026-04-06T03:16:00.913Z
cul_5f8ed379-4,e8da2d68,unit_81869bc3,5,2026-04-06T03:16:01.132Z
cul_5f09bef5-0,e8da2d68,unit_3452a8fc,6,2026-04-06T03:16:01.351Z
cul_15998a2e-2,e8da2d68,unit_c76c5a31,7,2026-04-06T03:16:01.569Z
cul_a96c86b4-3,e8da2d68,unit_a9e8ccce,8,2026-04-06T03:16:01.788Z
cul_f85c0d03-9,e8da2d68,unit_b9db7eb2,9,2026-04-06T03:16:02.006Z
cul_3657d6a4-0,e8da2d68,unit_22649e00,10,2026-04-06T03:16:02.225Z
cul_4500495e-f,e8da2d68,unit_73311b71,11,2026-04-06T03:16:02.443Z
cul_94e54ea4-f,e8da2d68,unit_d2a557aa,12,2026-04-06T03:16:02.662Z
cul_8f0a9e25-e,e8da2d68,unit_fb849392,13,2026-04-06T03:16:02.881Z
cul_aa10f48c-3,e8da2d68,unit_28ab3684,14,2026-04-06T03:16:03.099Z
cul_ad313ed8-e,e8da2d68,unit_35bfa49a,15,2026-04-06T03:16:03.317Z
cul_6a9f3c53-b,e8da2d68,unit_0349a729,16,2026-04-06T03:16:03.537Z
cul_40034ae9-f,e8da2d68,unit_44ffb54d,17,2026-04-06T03:16:03.755Z
cul_a2be069f-9,e8da2d68,unit_b0e30601,18,2026-04-06T03:16:03.973Z
cul_b9e02b62-f,e8da2d68,unit_6e8d9618,19,2026-04-06T03:16:04.192Z
cul_10e70e8a-1,e8da2d68,unit_f1080667,20,2026-04-06T03:16:04.411Z
cul_bcc437ca-6,e8da2d68,unit_c59886de,21,2026-04-06T03:16:04.629Z
cul_a9467801-4,689c9716,unit_24373146,1,2026-04-06T04:27:50.327Z
cul_fe4fc9bc-1,689c9716,unit_66594382,2,2026-04-06T04:27:50.547Z
cul_5173d431-d,689c9716,unit_d80f59fc,3,2026-04-06T04:27:50.767Z
cul_57b056cc-f,689c9716,unit_50b6a43f,4,2026-04-06T04:27:50.986Z
cul_6ee15505-7,689c9716,unit_420d138c,5,2026-04-06T04:27:51.204Z
cul_0dc3f1f1-6,689c9716,unit_74e5bdde,6,2026-04-06T04:27:51.422Z
cul_837c3e40-6,689c9716,unit_e2c4433b,7,2026-04-06T04:27:51.641Z
cul_46521495-8,689c9716,unit_d593ce5d,8,2026-04-06T04:27:51.860Z
cul_7f8ab5f4-7,689c9716,unit_7d1bd393,9,2026-04-06T04:27:52.078Z
cul_2cf98b9f-d,689c9716,unit_b07498c6,10,2026-04-06T04:27:52.296Z
cul_802a1741-e,689c9716,unit_a20de223,11,2026-04-06T04:27:52.514Z
cul_02535c9a-d,689c9716,unit_184dcf1a,12,2026-04-06T04:27:52.732Z
cul_51066ea8-9,689c9716,unit_16ece078,13,2026-04-06T04:27:52.950Z
cul_efc03a7c-e,689c9716,unit_c65f80a4,14,2026-04-06T04:27:53.168Z
cul_02839f43-4,689c9716,unit_75039d75,15,2026-04-06T04:27:53.387Z
cul_cf6a47ea-d,689c9716,unit_4adb661e,16,2026-04-06T04:27:53.606Z
cul_b0034842-4,689c9716,unit_34f858f3,17,2026-04-06T04:27:53.825Z
cul_817886e8-6,689c9716,unit_1d058e31,18,2026-04-06T04:27:54.043Z
cul_677d86cb-a,689c9716,unit_31cb0074,19,2026-04-06T04:27:54.262Z
cul_891ebbc9-1,689c9716,unit_b2a85c11,20,2026-04-06T04:27:54.481Z
cul_0a5f6185-6,689c9716,unit_6193a994,21,2026-04-06T04:27:54.700Z
cul_3cd4c200-5,689c9716,unit_b52f6802,22,2026-04-06T04:27:54.918Z
cul_07caefd7-4,689c9716,unit_ff8da055,23,2026-04-06T04:27:55.137Z
